<?xml version="1.0" encoding="utf-8" ?>
<manifest identifier="Course_ID1" version="1.0" 
       xmlns="http://www.imsproject.org/xsd/imscp_rootv1p1p2"
       xmlns:adlcp="http://www.adlnet.org/xsd/adlcp_rootv1p2"
       xmlns:xsi="http://www.w3.org/2001/XMLSchema-instance"
       xsi:schemaLocation="http://www.imsproject.org/xsd/imscp_rootv1p1p2 imscp_rootv1p1p2.xsd
                           http://www.imsglobal.org/xsd/imsmd_rootv1p2p1 imsmd_rootv1p2p1.xsd
                           http://www.adlnet.org/xsd/adlcp_rootv1p2 adlcp_rootv1p2.xsd">
	<metadata>
		<schema>ADL SCORM</schema>
		<schemaversion>1.2</schemaversion>
		<adlcp:location>metadata.xml</adlcp:location> 
	</metadata>
	<organizations default="Course_ID1_ORG">
		<organization identifier="Course_ID1_ORG">
			<title>Captivate E-Learning Course</title>
			<item identifier="SCO_ID1" isvisible="true" identifierref="SCO_ID1_RES">
				<title>Course Object title</title>
			</item>
			<metadata>
				<schema>ADL SCORM</schema>
				<schemaversion>1.2</schemaversion>
				<adlcp:location>metadata.xml</adlcp:location> 
			</metadata>	
		</organization>
	</organizations>
	<resources>
		<resource identifier="SCO_ID1_RES" type="webcontent" href="index_SCORM.html" adlcp:scormtype="sco">
			
			<metadata>
				<schema>ADL SCORM</schema>
				<schemaversion>1.2</schemaversion>
				<adlcp:location>metadata.xml</adlcp:location> 
			</metadata>
			
			<file href="assets\TOC_icons\collapseIcon.png"/>
		    <file href="index_SCORM.html"/>
			<file href="scormdriver.js"/>
			<file href="browsersniff.js"/>
			
<file href="assets/TOC_icons/collapseIcon.png"/> 
<file href="assets/TOC_icons/expandIcon.png"/> 
<file href="assets/TOC_icons/photo.png"/> 
<file href="assets/css/CPLibraryAll.css"/> 
<file href="assets/css/start/images/animated-overlay.gif"/> 
<file href="assets/css/start/images/ui-bg_flat_55_999999_40x100.png"/> 
<file href="assets/css/start/images/ui-bg_flat_75_aaaaaa_40x100.png"/> 
<file href="assets/css/start/images/ui-bg_glass_45_0078ae_1x400.png"/> 
<file href="assets/css/start/images/ui-bg_glass_55_f8da4e_1x400.png"/> 
<file href="assets/css/start/images/ui-bg_glass_75_79c9ec_1x400.png"/> 
<file href="assets/css/start/images/ui-bg_gloss-wave_45_e14f1c_500x100.png"/> 
<file href="assets/css/start/images/ui-bg_gloss-wave_50_6eac2c_500x100.png"/> 
<file href="assets/css/start/images/ui-bg_gloss-wave_75_2191c0_500x100.png"/> 
<file href="assets/css/start/images/ui-bg_inset-hard_100_fcfdfd_1x100.png"/> 
<file href="assets/css/start/images/ui-icons_0078ae_256x240.png"/> 
<file href="assets/css/start/images/ui-icons_056b93_256x240.png"/> 
<file href="assets/css/start/images/ui-icons_d8e7f3_256x240.png"/> 
<file href="assets/css/start/images/ui-icons_e0fdff_256x240.png"/> 
<file href="assets/css/start/images/ui-icons_f5e175_256x240.png"/> 
<file href="assets/css/start/images/ui-icons_f7a50d_256x240.png"/> 
<file href="assets/css/start/images/ui-icons_fcd113_256x240.png"/> 
<file href="assets/css/start/jquery-ui-1.10.4.custom.css"/> 
<file href="assets/css/start/jquery-ui-1.10.4.custom.min.css"/> 
<file href="assets/htmlimages/Pause.gif"/> 
<file href="assets/htmlimages/Pause2x.gif"/> 
<file href="assets/htmlimages/Play.gif"/> 
<file href="assets/htmlimages/Play2x.gif"/> 
<file href="assets/htmlimages/Play_icon.png"/> 
<file href="assets/htmlimages/arrow_right.gif"/> 
<file href="assets/htmlimages/ccClose.png"/> 
<file href="assets/htmlimages/checkBox_disabled.png"/> 
<file href="assets/htmlimages/checkBox_normal.png"/> 
<file href="assets/htmlimages/checkBox_selected.png"/> 
<file href="assets/htmlimages/checkBox_selectedDisabled.png"/> 
<file href="assets/htmlimages/closeReviewButton.png"/> 
<file href="assets/htmlimages/correct_answer_normal.png"/> 
<file href="assets/htmlimages/correct_answer_small.png"/> 
<file href="assets/htmlimages/correct_question_normal.png"/> 
<file href="assets/htmlimages/correct_question_small.png"/> 
<file href="assets/htmlimages/dd_arrow.png"/> 
<file href="assets/htmlimages/gesturemobileicon.png"/> 
<file href="assets/htmlimages/gesturemobileicon@2x.png"/> 
<file href="assets/htmlimages/gesturemobileimage2.png"/> 
<file href="assets/htmlimages/gesturemobilelandscape.png"/> 
<file href="assets/htmlimages/gesturetabletimage.png"/> 
<file href="assets/htmlimages/hotspot.gif"/> 
<file href="assets/htmlimages/hotspot_correct_answer_normal.png"/> 
<file href="assets/htmlimages/hotspot_incorrect_answer_normal.png"/> 
<file href="assets/htmlimages/img_trans.gif"/> 
<file href="assets/htmlimages/incorrect_answer_normal.png"/> 
<file href="assets/htmlimages/incorrect_answer_small.png"/> 
<file href="assets/htmlimages/incorrect_question_normal.png"/> 
<file href="assets/htmlimages/incorrect_question_small.png"/> 
<file href="assets/htmlimages/loader.gif"/> 
<file href="assets/htmlimages/loader_transparent.gif"/> 
<file href="assets/htmlimages/movieexpire.png"/> 
<file href="assets/htmlimages/partial_correct_question_normal.png"/> 
<file href="assets/htmlimages/partial_correct_question_small.png"/> 
<file href="assets/htmlimages/placeholder.png"/> 
<file href="assets/htmlimages/radioButton_disabled.png"/> 
<file href="assets/htmlimages/radioButton_normal.png"/> 
<file href="assets/htmlimages/radioButton_selected.png"/> 
<file href="assets/htmlimages/radioButton_selectedDisabled.png"/> 
<file href="assets/htmlimages/sequenceReview.png"/> 
<file href="assets/htmlimages/skip_answer_normal.png"/> 
<file href="assets/htmlimages/skip_answer_small.png"/> 
<file href="assets/htmlimages/skip_question_normal.png"/> 
<file href="assets/htmlimages/skip_question_small.png"/> 
<file href="assets/htmlimages/toc.png"/> 
<file href="assets/htmlimages/vidbg.png"/> 
<file href="assets/htmlimages/vidfullscreen.png"/> 
<file href="assets/htmlimages/vidpause.png"/> 
<file href="assets/htmlimages/vidplay.png"/> 
<file href="assets/htmlimages/vidrewind.png"/> 
<file href="assets/htmlimages/vidslider.png"/> 
<file href="assets/htmlimages/vidstop.png"/> 
<file href="assets/htmlimages/vidvolume.png"/> 
<file href="assets/htmlimages/vidvolume2.png"/> 
<file href="assets/htmlimages/vidvolumemute.png"/> 
<file href="assets/js/CPM.js"/> 
<file href="assets/js/CPXHRLoader.js"/> 
<file href="assets/js/jquery-1.6.1.min.js"/> 
<file href="assets/playbar/PlaybarIcons/AudioOff.png"/> 
<file href="assets/playbar/PlaybarIcons/AudioOn.png"/> 
<file href="assets/playbar/PlaybarIcons/BackGround.png"/> 
<file href="assets/playbar/PlaybarIcons/Backward.png"/> 
<file href="assets/playbar/PlaybarIcons/CC.png"/> 
<file href="assets/playbar/PlaybarIcons/Color.png"/> 
<file href="assets/playbar/PlaybarIcons/ColorSmall.png"/> 
<file href="assets/playbar/PlaybarIcons/Exit.png"/> 
<file href="assets/playbar/PlaybarIcons/FastForward.png"/> 
<file href="assets/playbar/PlaybarIcons/FastForward1.png"/> 
<file href="assets/playbar/PlaybarIcons/FastForward2.png"/> 
<file href="assets/playbar/PlaybarIcons/Forward.png"/> 
<file href="assets/playbar/PlaybarIcons/Glow.png"/> 
<file href="assets/playbar/PlaybarIcons/GlowSmall.png"/> 
<file href="assets/playbar/PlaybarIcons/Height.png"/> 
<file href="assets/playbar/PlaybarIcons/InnerStroke.png"/> 
<file href="assets/playbar/PlaybarIcons/InnerStrokeSmall.png"/> 
<file href="assets/playbar/PlaybarIcons/Pause.png"/> 
<file href="assets/playbar/PlaybarIcons/Play.png"/> 
<file href="assets/playbar/PlaybarIcons/Progress.png"/> 
<file href="assets/playbar/PlaybarIcons/Rewind.png"/> 
<file href="assets/playbar/PlaybarIcons/Shade.png"/> 
<file href="assets/playbar/PlaybarIcons/ShadeSmall.png"/> 
<file href="assets/playbar/PlaybarIcons/Stroke.png"/> 
<file href="assets/playbar/PlaybarIcons/StrokeSmall.png"/> 
<file href="assets/playbar/PlaybarIcons/TOC.png"/> 
<file href="assets/playbar/PlaybarIcons/Thumb.png"/> 
<file href="assets/playbar/PlaybarIcons/ThumbBase.png"/> 
<file href="assets/playbar/playbarScript.js"/> 
<file href="assets/toc/tocIcons/blankBookmark.png"/> 
<file href="assets/toc/tocIcons/clear.png"/> 
<file href="assets/toc/tocIcons/expander.png"/> 
<file href="assets/toc/tocIcons/fullBookmark.png"/> 
<file href="assets/toc/tocIcons/go.png"/> 
<file href="assets/toc/tocIcons/infoClose.png"/> 
<file href="assets/toc/tocIcons/moreinfo.png"/> 
<file href="assets/toc/tocIcons/searchBtnNormal.png"/> 
<file href="assets/toc/tocIcons/searchBtnSelect.png"/> 
<file href="assets/toc/tocIcons/visited.png"/> 
<file href="dr/Slide6244_thnail.jpg"/> 
<file href="dr/Slide6547_thnail.jpg"/> 
<file href="dr/Slide6585_thnail.jpg"/> 
<file href="dr/loading.gif"/> 
<file href="dr/si6254.png"/> 
<file href="dr/si6261.png"/> 
<file href="dr/si6269.png"/> 
<file href="dr/si6277.png"/> 
<file href="dr/si6285.png"/> 
<file href="dr/si6293.png"/> 
<file href="dr/si6301.png"/> 
<file href="dr/si6313.png"/> 
<file href="dr/si6313d.png"/> 
<file href="dr/si6313o.png"/> 
<file href="dr/si6327.png"/> 
<file href="dr/si6327d.png"/> 
<file href="dr/si6327o.png"/> 
<file href="index_SCORM.html"/> 
<file href="pools/Pool1/Pool1.js"/> 
<file href="pools/Pool1/dr/Slide6614_thnail.jpg"/> 
<file href="pools/Pool1/dr/Slide6749_thnail.jpg"/> 
<file href="pools/Pool1/dr/Slide6884_thnail.jpg"/> 
<file href="pools/Pool1/dr/si6640.png"/> 
<file href="pools/Pool1/dr/si6647.png"/> 
<file href="pools/Pool1/dr/si6662.png"/> 
<file href="pools/Pool1/dr/si6666.png"/> 
<file href="pools/Pool1/dr/si6673.png"/> 
<file href="pools/Pool1/dr/si6677.png"/> 
<file href="pools/Pool1/dr/si6681.png"/> 
<file href="pools/Pool1/dr/si6693.png"/> 
<file href="pools/Pool1/dr/si6693d.png"/> 
<file href="pools/Pool1/dr/si6693o.png"/> 
<file href="pools/Pool1/dr/si6707.png"/> 
<file href="pools/Pool1/dr/si6707d.png"/> 
<file href="pools/Pool1/dr/si6707o.png"/> 
<file href="pools/Pool1/dr/si6721.png"/> 
<file href="pools/Pool1/dr/si6721d.png"/> 
<file href="pools/Pool1/dr/si6721o.png"/> 
<file href="pools/Pool1/dr/si6735.png"/> 
<file href="pools/Pool1/dr/si6735d.png"/> 
<file href="pools/Pool1/dr/si6735o.png"/> 
<file href="pools/Pool1/dr/si6775.png"/> 
<file href="pools/Pool1/dr/si6782.png"/> 
<file href="pools/Pool1/dr/si6797.png"/> 
<file href="pools/Pool1/dr/si6801.png"/> 
<file href="pools/Pool1/dr/si6808.png"/> 
<file href="pools/Pool1/dr/si6812.png"/> 
<file href="pools/Pool1/dr/si6816.png"/> 
<file href="pools/Pool1/dr/si6828.png"/> 
<file href="pools/Pool1/dr/si6828d.png"/> 
<file href="pools/Pool1/dr/si6828o.png"/> 
<file href="pools/Pool1/dr/si6842.png"/> 
<file href="pools/Pool1/dr/si6842d.png"/> 
<file href="pools/Pool1/dr/si6842o.png"/> 
<file href="pools/Pool1/dr/si6856.png"/> 
<file href="pools/Pool1/dr/si6856d.png"/> 
<file href="pools/Pool1/dr/si6856o.png"/> 
<file href="pools/Pool1/dr/si6870.png"/> 
<file href="pools/Pool1/dr/si6870d.png"/> 
<file href="pools/Pool1/dr/si6870o.png"/> 
<file href="pools/Pool1/dr/si6910.png"/> 
<file href="pools/Pool1/dr/si6917.png"/> 
<file href="pools/Pool1/dr/si6932.png"/> 
<file href="pools/Pool1/dr/si6936.png"/> 
<file href="pools/Pool1/dr/si6943.png"/> 
<file href="pools/Pool1/dr/si6947.png"/> 
<file href="pools/Pool1/dr/si6951.png"/> 
<file href="pools/Pool1/dr/si6955.png"/> 
<file href="pools/Pool1/dr/si6959.png"/> 
<file href="pools/Pool1/dr/si6971.png"/> 
<file href="pools/Pool1/dr/si6971d.png"/> 
<file href="pools/Pool1/dr/si6971o.png"/> 
<file href="pools/Pool1/dr/si6985.png"/> 
<file href="pools/Pool1/dr/si6985d.png"/> 
<file href="pools/Pool1/dr/si6985o.png"/> 
<file href="pools/Pool1/dr/si6999.png"/> 
<file href="pools/Pool1/dr/si6999d.png"/> 
<file href="pools/Pool1/dr/si6999o.png"/> 
<file href="pools/Pool1/dr/si7013.png"/> 
<file href="pools/Pool1/dr/si7013d.png"/> 
<file href="pools/Pool1/dr/si7013o.png"/> 
<file href="pools/Pool1/dr/si7413.png"/> 
<file href="pools/Pool1/dr/si7417.png"/> 
<file href="pools/Pool1/dr/si7428.png"/> 
<file href="pools/Pool1/dr/si7432.png"/> 
<file href="pools/Pool1/dr/si7451.png"/> 
<file href="pools/Pool1/dr/si7455.png"/> 
<file href="pools/Pool1/dr/si7471.png"/> 
<file href="pools/Pool1/dr/si7475.png"/> 
<file href="project.json"/> 
<file href="Utilities.js"/> 
		</resource>
	</resources>
</manifest>
